vydacha_id,chitatel_id,fio,vozrast,lyubimyy_zhanr,lyubimaya_tema,kniga_id,nazvanie,avtor,zhanr,tema,data_vydachi,srok_sdachi,data_vozvrata,otsenka,srok_dney,prosrochka,na_rukah,zhanr_sovpal,tema_sovpala,skok_brali,sred_ocenka_knigi
2,1,Соколова Анна Сергеевна,22,фантастика,космос,1,Война и мир,Лев Толстой,роман,война,2026-07-02,2026-07-16,2026-07-21,3,14,1,0,0,0,9,3.8888888888888889
75,18,Николаев Игорь Владимирович,32,публицистика,деньги,1,Война и мир,Лев Толстой,роман,война,2026-07-01,2026-07-15,2026-07-13,4,14,0,0,0,0,9,3.8888888888888889
66,16,Михайлов Роман Валерьевич,45,роман,война,1,Война и мир,Лев Толстой,роман,война,2026-06-17,2026-07-01,2026-06-27,4,14,0,0,1,1,9,3.8888888888888889
80,19,Степанова Дарья Евгеньевна,20,биография,наука,1,Война и мир,Лев Толстой,роман,война,2026-05-18,2026-06-01,2026-05-30,5,14,0,0,0,0,9,3.8888888888888889
62,15,Васильева Юлия Александровна,21,публицистика,саморазвитие,1,Война и мир,Лев Толстой,роман,война,2026-06-30,2026-07-14,2026-07-19,3,14,1,0,0,0,9,3.8888888888888889
15,4,Орлов Дмитрий Алексеевич,28,учебник,компьютеры,1,Война и мир,Лев Толстой,роман,война,2026-05-06,2026-05-20,2026-05-19,3,14,0,0,0,0,9,3.8888888888888889
22,6,Волков Павел Николаевич,41,роман,война,1,Война и мир,Лев Толстой,роман,война,2026-02-13,2026-02-27,2026-02-27,4,14,0,0,1,1,9,3.8888888888888889
71,17,Александрова Ксения Ильинична,26,приключения,путешествия,1,Война и мир,Лев Толстой,роман,война,2026-07-04,2026-07-18,2026-07-18,5,14,0,0,0,0,9,3.8888888888888889
45,11,Белова Виктория Олеговна,27,фантастика,космос,1,Война и мир,Лев Толстой,роман,война,2026-05-22,2026-06-05,2026-06-03,4,14,0,0,0,0,9,3.8888888888888889
9,3,Кузнецова Мария Ивановна,19,роман,любовь,2,Анна Каренина,Лев Толстой,роман,любовь,2026-06-23,2026-07-07,2026-07-12,4,14,1,0,1,1,7,3.5714285714285714
20,5,Морозова Елена Викторовна,35,публицистика,саморазвитие,2,Анна Каренина,Лев Толстой,роман,любовь,2026-06-02,2026-06-16,2026-06-13,2,14,0,0,0,0,7,3.5714285714285714
63,15,Васильева Юлия Александровна,21,публицистика,саморазвитие,2,Анна Каренина,Лев Толстой,роман,любовь,2026-07-18,2026-08-01,2026-07-28,4,14,0,0,0,0,7,3.5714285714285714
59,14,Павлов Андрей Михайлович,40,учебник,компьютеры,2,Анна Каренина,Лев Толстой,роман,любовь,2026-05-21,2026-06-04,2026-06-04,5,14,0,0,0,0,7,3.5714285714285714
50,12,Фёдоров Никита Сергеевич,36,детектив,преступление,2,Анна Каренина,Лев Толстой,роман,любовь,2026-04-23,2026-05-07,2026-05-05,4,14,0,0,0,0,7,3.5714285714285714
29,7,Новикова Ольга Андреевна,24,приключения,путешествия,2,Анна Каренина,Лев Толстой,роман,любовь,2026-05-02,2026-05-16,2026-05-16,3,14,0,0,0,0,7,3.5714285714285714
23,6,Волков Павел Николаевич,41,роман,война,2,Анна Каренина,Лев Толстой,роман,любовь,2026-03-03,2026-03-17,2026-03-17,3,14,0,0,1,0,7,3.5714285714285714
55,13,Егорова Татьяна Павловна,23,роман,любовь,3,Преступление и наказание,Фёдор Достоевский,роман,преступление,2026-07-01,2026-07-15,2026-07-15,2,14,0,0,1,0,6,3.6666666666666667
17,4,Орлов Дмитрий Алексеевич,28,учебник,компьютеры,3,Преступление и наказание,Фёдор Достоевский,роман,преступление,2026-06-11,2026-06-25,2026-06-24,4,14,0,0,0,0,6,3.6666666666666667
77,18,Николаев Игорь Владимирович,32,публицистика,деньги,3,Преступление и наказание,Фёдор Достоевский,роман,преступление,2026-08-06,2026-08-20,2026-08-20,4,14,0,0,0,0,6,3.6666666666666667
5,2,Петров Иван Петрович,31,детектив,преступление,3,Преступление и наказание,Фёдор Достоевский,роман,преступление,2026-06-19,2026-07-03,2026-07-01,5,14,0,0,0,1,6,3.6666666666666667
34,8,Лебедев Сергей Игоревич,29,публицистика,деньги,3,Преступление и наказание,Фёдор Достоевский,роман,преступление,2026-07-18,2026-08-01,2026-07-30,3,14,0,0,0,0,6,3.6666666666666667
68,16,Михайлов Роман Валерьевич,45,роман,война,3,Преступление и наказание,Фёдор Достоевский,роман,преступление,2026-07-23,2026-08-06,2026-08-06,4,14,0,0,1,0,6,3.6666666666666667
16,4,Орлов Дмитрий Алексеевич,28,учебник,компьютеры,4,Идиот,Фёдор Достоевский,роман,любовь,2026-05-24,2026-06-07,2026-06-03,3,14,0,0,0,0,10,3.6000000000000000
53,13,Егорова Татьяна Павловна,23,роман,любовь,4,Идиот,Фёдор Достоевский,роман,любовь,2026-05-26,2026-06-09,2026-06-09,4,14,0,0,1,1,10,3.6000000000000000
76,18,Николаев Игорь Владимирович,32,публицистика,деньги,4,Идиот,Фёдор Достоевский,роман,любовь,2026-07-19,2026-08-02,2026-07-31,4,14,0,0,0,0,10,3.6000000000000000
3,1,Соколова Анна Сергеевна,22,фантастика,космос,4,Идиот,Фёдор Достоевский,роман,любовь,2026-07-20,2026-08-03,2026-08-08,2,14,1,0,0,0,10,3.6000000000000000
33,8,Лебедев Сергей Игоревич,29,публицистика,деньги,4,Идиот,Фёдор Достоевский,роман,любовь,2026-06-30,2026-07-14,2026-07-11,5,14,0,0,0,0,10,3.6000000000000000
7,2,Петров Иван Петрович,31,детектив,преступление,4,Идиот,Фёдор Достоевский,роман,любовь,2026-07-25,2026-08-08,2026-08-04,3,14,0,0,0,0,10,3.6000000000000000
37,9,Козлова Наталья Дмитриевна,33,биография,власть,4,Идиот,Фёдор Достоевский,роман,любовь,2026-08-09,2026-08-23,2026-08-19,5,14,0,0,0,0,10,3.6000000000000000
67,16,Михайлов Роман Валерьевич,45,роман,война,4,Идиот,Фёдор Достоевский,роман,любовь,2026-07-05,2026-07-19,2026-07-19,5,14,0,0,1,0,10,3.6000000000000000
85,20,Григорьев Максим Артёмович,17,сказка,дружба,4,Идиот,Фёдор Достоевский,роман,любовь,2026-03-26,2026-04-09,2026-04-14,1,14,1,0,0,0,10,3.6000000000000000
81,19,Степанова Дарья Евгеньевна,20,биография,наука,4,Идиот,Фёдор Достоевский,роман,любовь,2026-06-05,2026-06-19,2026-06-16,4,14,0,0,0,0,10,3.6000000000000000
65,15,Васильева Юлия Александровна,21,публицистика,саморазвитие,5,Братья Карамазовы,Фёдор Достоевский,роман,семья,2026-08-06,2026-08-20,,,14,1,1,0,0,6,4.5000000000000000
8,2,Петров Иван Петрович,31,детектив,преступление,5,Братья Карамазовы,Фёдор Достоевский,роман,семья,2026-08-24,2026-09-07,,,14,0,1,0,0,6,4.5000000000000000
56,13,Егорова Татьяна Павловна,23,роман,любовь,5,Братья Карамазовы,Фёдор Достоевский,роман,семья,2026-08-21,2026-09-04,,,14,0,1,1,0,6,4.5000000000000000
95,11,Белова Виктория Олеговна,27,фантастика,космос,5,Братья Карамазовы,Фёдор Достоевский,роман,семья,2025-12-28,2026-01-11,2026-01-08,4,14,0,0,0,0,6,4.5000000000000000
51,12,Фёдоров Никита Сергеевич,36,детектив,преступление,5,Братья Карамазовы,Фёдор Достоевский,роман,семья,2026-05-11,2026-05-25,2026-05-24,5,14,0,0,0,0,6,4.5000000000000000
39,9,Козлова Наталья Дмитриевна,33,биография,власть,5,Братья Карамазовы,Фёдор Достоевский,роман,семья,2026-08-26,2026-09-09,,,14,0,1,0,0,6,4.5000000000000000
13,3,Кузнецова Мария Ивановна,19,роман,любовь,7,Капитанская дочка,Александр Пушкин,повесть,власть,2026-08-08,2026-08-22,,,14,1,1,0,0,1,
91,5,Морозова Елена Викторовна,35,публицистика,саморазвитие,8,Мёртвые души,Николай Гоголь,роман,власть,2026-01-19,2026-02-02,2026-02-01,3,14,0,0,0,0,2,4.0000000000000000
35,9,Козлова Наталья Дмитриевна,33,биография,власть,8,Мёртвые души,Николай Гоголь,роман,власть,2026-07-04,2026-07-18,2026-07-14,5,14,0,0,0,1,2,4.0000000000000000
72,17,Александрова Ксения Ильинична,26,приключения,путешествия,10,Герой нашего времени,Михаил Лермонтов,роман,любовь,2026-07-22,2026-08-05,2026-08-02,3,14,0,0,0,0,2,3.5000000000000000
46,11,Белова Виктория Олеговна,27,фантастика,космос,10,Герой нашего времени,Михаил Лермонтов,роман,любовь,2026-06-09,2026-06-23,2026-06-23,4,14,0,0,0,0,2,3.5000000000000000
25,6,Волков Павел Николаевич,41,роман,война,11,Отцы и дети,Иван Тургенев,роман,семья,2026-04-08,2026-04-22,2026-04-22,4,14,0,0,1,0,4,4.3333333333333333
87,1,Соколова Анна Сергеевна,22,фантастика,космос,11,Отцы и дети,Иван Тургенев,роман,семья,2026-01-31,2026-02-14,2026-02-13,4,14,0,0,0,0,4,4.3333333333333333
78,18,Николаев Игорь Владимирович,32,публицистика,деньги,11,Отцы и дети,Иван Тургенев,роман,семья,2026-08-19,2026-09-02,,,14,0,1,0,0,4,4.3333333333333333
69,16,Михайлов Роман Валерьевич,45,роман,война,11,Отцы и дети,Иван Тургенев,роман,семья,2026-08-10,2026-08-24,2026-08-20,5,14,0,0,1,0,4,4.3333333333333333
12,3,Кузнецова Мария Ивановна,19,роман,любовь,12,Обломов,Иван Гончаров,роман,семья,2026-08-16,2026-08-30,2026-08-29,3,14,0,0,1,0,1,3.0000000000000000
96,12,Фёдоров Никита Сергеевич,36,детектив,преступление,15,Тихий Дон,Михаил Шолохов,роман,война,2026-04-06,2026-04-20,2026-04-20,3,14,0,0,0,0,7,2.8571428571428571
6,2,Петров Иван Петрович,31,детектив,преступление,15,Тихий Дон,Михаил Шолохов,роман,война,2026-07-07,2026-07-21,2026-07-19,3,14,0,0,0,0,7,2.8571428571428571
10,3,Кузнецова Мария Ивановна,19,роман,любовь,15,Тихий Дон,Михаил Шолохов,роман,война,2026-07-11,2026-07-25,2026-07-30,1,14,1,0,1,0,7,2.8571428571428571
19,5,Морозова Елена Викторовна,35,публицистика,саморазвитие,15,Тихий Дон,Михаил Шолохов,роман,война,2026-05-15,2026-05-29,2026-05-29,3,14,0,0,0,0,7,2.8571428571428571
28,7,Новикова Ольга Андреевна,24,приключения,путешествия,15,Тихий Дон,Михаил Шолохов,роман,война,2026-04-14,2026-04-28,2026-04-25,4,14,0,0,0,0,7,2.8571428571428571
32,8,Лебедев Сергей Игоревич,29,публицистика,деньги,15,Тихий Дон,Михаил Шолохов,роман,война,2026-06-12,2026-06-26,2026-06-22,4,14,0,0,0,0,7,2.8571428571428571
36,9,Козлова Наталья Дмитриевна,33,биография,власть,15,Тихий Дон,Михаил Шолохов,роман,война,2026-07-22,2026-08-05,2026-08-04,2,14,0,0,0,0,7,2.8571428571428571
84,20,Григорьев Максим Артёмович,17,сказка,дружба,16,Как закалялась сталь,Николай Островский,роман,война,2026-03-08,2026-03-22,2026-03-27,2,14,1,0,0,0,2,3.5000000000000000
58,14,Павлов Андрей Михайлович,40,учебник,компьютеры,16,Как закалялась сталь,Николай Островский,роман,война,2026-05-03,2026-05-17,2026-05-17,5,14,0,0,0,0,2,3.5000000000000000
42,10,Смирнов Алексей Романович,18,повесть,детство,17,Доктор Живаго,Борис Пастернак,роман,любовь,2026-06-09,2026-06-23,2026-06-28,2,14,1,0,0,0,1,2.0000000000000000
44,11,Белова Виктория Олеговна,27,фантастика,космос,21,Пикник на обочине,Аркадий и Борис Стругацкие,фантастика,космос,2026-05-04,2026-05-18,2026-05-23,5,14,1,0,1,1,4,4.5000000000000000
92,8,Лебедев Сергей Игоревич,29,публицистика,деньги,21,Пикник на обочине,Аркадий и Борис Стругацкие,фантастика,космос,2026-03-24,2026-04-07,2026-04-03,4,14,0,0,0,0,4,4.5000000000000000
89,3,Кузнецова Мария Ивановна,19,роман,любовь,21,Пикник на обочине,Аркадий и Борис Стругацкие,фантастика,космос,2026-03-27,2026-04-10,2026-04-07,4,14,0,0,0,0,4,4.5000000000000000
1,1,Соколова Анна Сергеевна,22,фантастика,космос,21,Пикник на обочине,Аркадий и Борис Стругацкие,фантастика,космос,2026-06-14,2026-06-28,2026-06-28,5,14,0,0,1,1,4,4.5000000000000000
93,9,Козлова Наталья Дмитриевна,33,биография,власть,23,Понедельник начинается в субботу,Аркадий и Борис Стругацкие,фантастика,наука,2026-02-14,2026-02-28,2026-02-27,4,14,0,0,0,0,2,4.5000000000000000
90,4,Орлов Дмитрий Алексеевич,28,учебник,компьютеры,23,Понедельник начинается в субботу,Аркадий и Борис Стругацкие,фантастика,наука,2026-04-19,2026-05-03,2026-05-02,5,14,0,0,0,0,2,4.5000000000000000
26,6,Волков Павел Николаевич,41,роман,война,29,Скотный двор,Джордж Оруэлл,повесть,власть,2026-08-24,2026-09-07,,,14,0,1,0,0,1,
14,4,Орлов Дмитрий Алексеевич,28,учебник,компьютеры,32,Нейромант,Уильям Гибсон,фантастика,компьютеры,2026-04-18,2026-05-02,2026-04-29,5,14,0,0,0,1,1,5.0000000000000000
11,3,Кузнецова Мария Ивановна,19,роман,любовь,36,Убийство в Восточном экспрессе,Агата Кристи,детектив,преступление,2026-07-29,2026-08-12,2026-08-09,4,14,0,0,0,0,11,3.6000000000000000
60,14,Павлов Андрей Михайлович,40,учебник,компьютеры,36,Убийство в Восточном экспрессе,Агата Кристи,детектив,преступление,2026-08-26,2026-09-09,,,14,0,1,0,0,11,3.6000000000000000
48,12,Фёдоров Никита Сергеевич,36,детектив,преступление,36,Убийство в Восточном экспрессе,Агата Кристи,детектив,преступление,2026-03-18,2026-04-01,2026-03-30,5,14,0,0,1,1,11,3.6000000000000000
64,15,Васильева Юлия Александровна,21,публицистика,саморазвитие,36,Убийство в Восточном экспрессе,Агата Кристи,детектив,преступление,2026-08-05,2026-08-19,2026-08-19,4,14,0,0,0,0,11,3.6000000000000000
43,10,Смирнов Алексей Романович,18,повесть,детство,36,Убийство в Восточном экспрессе,Агата Кристи,детектив,преступление,2026-08-07,2026-08-21,,,14,1,1,0,0,11,3.6000000000000000
73,17,Александрова Ксения Ильинична,26,приключения,путешествия,36,Убийство в Восточном экспрессе,Агата Кристи,детектив,преступление,2026-08-24,2026-09-07,,,14,0,1,0,0,11,3.6000000000000000
30,7,Новикова Ольга Андреевна,24,приключения,путешествия,36,Убийство в Восточном экспрессе,Агата Кристи,детектив,преступление,2026-08-19,2026-09-02,,,14,0,1,0,0,11,3.6000000000000000
24,6,Волков Павел Николаевич,41,роман,война,36,Убийство в Восточном экспрессе,Агата Кристи,детектив,преступление,2026-03-21,2026-04-04,2026-04-02,3,14,0,0,0,0,11,3.6000000000000000
21,5,Морозова Елена Викторовна,35,публицистика,саморазвитие,36,Убийство в Восточном экспрессе,Агата Кристи,детектив,преступление,2026-08-25,2026-09-08,,,14,0,1,0,0,11,3.6000000000000000
86,20,Григорьев Максим Артёмович,17,сказка,дружба,36,Убийство в Восточном экспрессе,Агата Кристи,детектив,преступление,2026-04-13,2026-04-27,2026-04-24,2,14,0,0,0,0,11,3.6000000000000000
4,1,Соколова Анна Сергеевна,22,фантастика,космос,36,Убийство в Восточном экспрессе,Агата Кристи,детектив,преступление,2026-08-09,2026-08-23,,,14,1,1,0,0,11,3.6000000000000000
82,19,Степанова Дарья Евгеньевна,20,биография,наука,37,И никого не стало,Агата Кристи,детектив,преступление,2026-08-27,2026-09-10,,,14,0,1,0,0,1,
38,9,Козлова Наталья Дмитриевна,33,биография,власть,42,Девушка с татуировкой дракона,Стиг Ларссон,детектив,преступление,2026-08-27,2026-09-10,2026-09-06,3,14,0,0,0,0,1,3.0000000000000000
47,11,Белова Виктория Олеговна,27,фантастика,космос,43,Молчание ягнят,Томас Харрис,триллер,преступление,2026-08-24,2026-09-07,,,14,0,1,0,0,1,
70,17,Александрова Ксения Ильинична,26,приключения,путешествия,44,Властелин колец. Братство Кольца,Джон Р. Р. Толкин,фэнтези,путешествия,2026-06-16,2026-06-30,2026-06-30,5,14,0,0,0,1,1,5.0000000000000000
27,7,Новикова Ольга Андреевна,24,приключения,путешествия,45,"Хоббит, или Туда и обратно",Джон Р. Р. Толкин,фэнтези,путешествия,2026-03-27,2026-04-10,2026-04-15,4,14,1,0,0,1,1,4.0000000000000000
40,10,Смирнов Алексей Романович,18,повесть,детство,46,Гарри Поттер и философский камень,Джоан Роулинг,фэнтези,детство,2026-05-04,2026-05-18,2026-05-15,4,14,0,0,0,1,1,4.0000000000000000
83,20,Григорьев Максим Артёмович,17,сказка,дружба,51,Маленький принц,Антуан де Сент-Экзюпери,сказка,дружба,2026-02-18,2026-03-04,2026-03-04,5,14,0,0,1,1,1,5.0000000000000000
88,2,Петров Иван Петрович,31,детектив,преступление,54,Винни-Пух и все-все-все,Алан Милн,сказка,дружба,2026-03-14,2026-03-28,2026-03-24,4,14,0,0,0,0,2,4.5000000000000000
94,10,Смирнов Алексей Романович,18,повесть,детство,54,Винни-Пух и все-все-все,Алан Милн,сказка,дружба,2025-12-23,2026-01-06,2026-01-04,5,14,0,0,0,0,2,4.5000000000000000
41,10,Смирнов Алексей Романович,18,повесть,детство,76,Чингисхан,Василий Ян,роман,война,2026-05-22,2026-06-05,2026-06-10,2,14,1,0,0,0,1,2.0000000000000000
54,13,Егорова Татьяна Павловна,23,роман,любовь,80,Август Четырнадцатого,Александр Солженицын,роман,война,2026-06-13,2026-06-27,2026-06-23,2,14,0,0,1,0,1,2.0000000000000000
18,5,Морозова Елена Викторовна,35,публицистика,саморазвитие,82,Психология влияния,Роберт Чалдини,публицистика,саморазвитие,2026-04-27,2026-05-11,2026-05-09,4,14,0,0,1,1,1,4.0000000000000000
61,15,Васильева Юлия Александровна,21,публицистика,саморазвитие,83,Эмоциональный интеллект,Дэниел Гоулман,публицистика,саморазвитие,2026-06-12,2026-06-26,2026-07-01,5,14,1,0,1,1,1,5.0000000000000000
57,14,Павлов Андрей Михайлович,40,учебник,компьютеры,93,Python и анализ данных,Уэс Маккинни,учебник,компьютеры,2026-04-15,2026-04-29,2026-04-26,5,14,0,0,1,1,1,5.0000000000000000
74,18,Николаев Игорь Владимирович,32,публицистика,деньги,98,Капитал. Критика политической экономии,Карл Маркс,публицистика,деньги,2026-06-13,2026-06-27,2026-06-26,5,14,0,0,1,1,1,5.0000000000000000
31,8,Лебедев Сергей Игоревич,29,публицистика,деньги,99,Чёрный лебедь,Нассим Талеб,публицистика,деньги,2026-05-25,2026-06-08,2026-06-05,4,14,0,0,1,1,1,4.0000000000000000
79,19,Степанова Дарья Евгеньевна,20,биография,наука,103,Эйнштейн. Его жизнь и его вселенная,Уолтер Айзексон,биография,наука,2026-04-30,2026-05-14,2026-05-14,4,14,0,0,1,1,1,4.0000000000000000
49,12,Фёдоров Никита Сергеевич,36,детектив,преступление,104,Дневник Анны Франк,Анна Франк,биография,война,2026-04-05,2026-04-19,2026-04-18,3,14,0,0,0,0,1,3.0000000000000000
52,12,Фёдоров Никита Сергеевич,36,детектив,преступление,106,Екатерина Великая. Портрет женщины,Роберт Мэсси,биография,власть,2026-05-29,2026-06-12,2026-06-12,4,14,0,0,0,0,1,4.0000000000000000
