chitatel_id,fio,vozrast,lyubimyy_zhanr,lyubimaya_tema
1,Соколова Анна Сергеевна,22,фантастика,космос
2,Петров Иван Петрович,31,детектив,преступление
3,Кузнецова Мария Ивановна,19,роман,любовь
4,Орлов Дмитрий Алексеевич,28,учебник,компьютеры
5,Морозова Елена Викторовна,35,публицистика,саморазвитие
6,Волков Павел Николаевич,41,роман,война
7,Новикова Ольга Андреевна,24,приключения,путешествия
8,Лебедев Сергей Игоревич,29,публицистика,деньги
9,Козлова Наталья Дмитриевна,33,биография,власть
10,Смирнов Алексей Романович,18,повесть,детство
11,Белова Виктория Олеговна,27,фантастика,космос
12,Фёдоров Никита Сергеевич,36,детектив,преступление
13,Егорова Татьяна Павловна,23,роман,любовь
14,Павлов Андрей Михайлович,40,учебник,компьютеры
15,Васильева Юлия Александровна,21,публицистика,саморазвитие
16,Михайлов Роман Валерьевич,45,роман,война
17,Александрова Ксения Ильинична,26,приключения,путешествия
18,Николаев Игорь Владимирович,32,публицистика,деньги
19,Степанова Дарья Евгеньевна,20,биография,наука
20,Григорьев Максим Артёмович,17,сказка,дружба
