kniga_id,nazvanie,avtor,zhanr,tema,god
1,Война и мир,Лев Толстой,роман,война,1869
2,Анна Каренина,Лев Толстой,роман,любовь,1877
3,Преступление и наказание,Фёдор Достоевский,роман,преступление,1866
4,Идиот,Фёдор Достоевский,роман,любовь,1869
5,Братья Карамазовы,Фёдор Достоевский,роман,семья,1880
6,Евгений Онегин,Александр Пушкин,роман,любовь,1833
7,Капитанская дочка,Александр Пушкин,повесть,власть,1836
8,Мёртвые души,Николай Гоголь,роман,власть,1842
9,Ревизор,Николай Гоголь,комедия,власть,1836
10,Герой нашего времени,Михаил Лермонтов,роман,любовь,1840
11,Отцы и дети,Иван Тургенев,роман,семья,1862
12,Обломов,Иван Гончаров,роман,семья,1859
13,Мастер и Маргарита,Михаил Булгаков,роман,власть,1967
14,Собачье сердце,Михаил Булгаков,повесть,власть,1925
15,Тихий Дон,Михаил Шолохов,роман,война,1940
16,Как закалялась сталь,Николай Островский,роман,война,1934
17,Доктор Живаго,Борис Пастернак,роман,любовь,1957
18,Архипелаг ГУЛАГ,Александр Солженицын,публицистика,власть,1973
19,Один день Ивана Денисовича,Александр Солженицын,повесть,власть,1962
20,Мы,Евгений Замятин,фантастика,власть,1924
21,Пикник на обочине,Аркадий и Борис Стругацкие,фантастика,космос,1972
22,Трудно быть богом,Аркадий и Борис Стругацкие,фантастика,власть,1964
23,Понедельник начинается в субботу,Аркадий и Борис Стругацкие,фантастика,наука,1965
24,Солярис,Станислав Лем,фантастика,космос,1961
25,451 градус по Фаренгейту,Рэй Брэдбери,фантастика,власть,1953
26,Марсианские хроники,Рэй Брэдбери,фантастика,космос,1950
27,Дюна,Фрэнк Герберт,фантастика,космос,1965
28,1984,Джордж Оруэлл,роман,власть,1949
29,Скотный двор,Джордж Оруэлл,повесть,власть,1945
30,О дивный новый мир,Олдос Хаксли,фантастика,власть,1932
31,Игра Эндера,Орсон Скотт Кард,фантастика,космос,1985
32,Нейромант,Уильям Гибсон,фантастика,компьютеры,1984
33,Левая рука тьмы,Урсула Ле Гуин,фантастика,космос,1969
34,Автостопом по Галактике,Дуглас Адамс,фантастика,космос,1979
35,Марсианин,Энди Вейер,фантастика,космос,2011
36,Убийство в Восточном экспрессе,Агата Кристи,детектив,преступление,1934
37,И никого не стало,Агата Кристи,детектив,преступление,1939
38,Собака Баскервилей,Артур Конан Дойл,детектив,преступление,1902
39,Этюд в багровых тонах,Артур Конан Дойл,детектив,преступление,1887
40,Знак четырёх,Артур Конан Дойл,детектив,преступление,1890
41,Имя розы,Умберто Эко,детектив,преступление,1980
42,Девушка с татуировкой дракона,Стиг Ларссон,детектив,преступление,2005
43,Молчание ягнят,Томас Харрис,триллер,преступление,1988
44,Властелин колец. Братство Кольца,Джон Р. Р. Толкин,фэнтези,путешествия,1954
45,"Хоббит, или Туда и обратно",Джон Р. Р. Толкин,фэнтези,путешествия,1937
46,Гарри Поттер и философский камень,Джоан Роулинг,фэнтези,детство,1997
47,Гарри Поттер и Тайная комната,Джоан Роулинг,фэнтези,детство,1998
48,Последнее желание,Анджей Сапковский,фэнтези,путешествия,1993
49,Игра престолов,Джордж Мартин,фэнтези,власть,1996
50,"Лев, колдунья и платяной шкаф",Клайв Льюис,фэнтези,детство,1950
51,Маленький принц,Антуан де Сент-Экзюпери,сказка,дружба,1943
52,"Малыш и Карлсон, который живёт на крыше",Астрид Линдгрен,повесть,детство,1955
53,Пеппи Длинныйчулок,Астрид Линдгрен,повесть,детство,1945
54,Винни-Пух и все-все-все,Алан Милн,сказка,дружба,1926
55,Приключения Тома Сойера,Марк Твен,повесть,детство,1876
56,Приключения Гекльберри Финна,Марк Твен,повесть,путешествия,1884
57,Старик Хоттабыч,Лазарь Лагин,повесть,детство,1938
58,Денискины рассказы,Виктор Драгунский,рассказы,детство,1966
59,Тимур и его команда,Аркадий Гайдар,повесть,дружба,1940
60,Чук и Гек,Аркадий Гайдар,повесть,семья,1939
61,Волшебник Изумрудного города,Александр Волков,сказка,путешествия,1939
62,Приключения Незнайки и его друзей,Николай Носов,повесть,детство,1954
63,Незнайка на Луне,Николай Носов,повесть,космос,1965
64,Конёк-Горбунок,Пётр Ершов,сказка,добро,1834
65,Остров сокровищ,Роберт Льюис Стивенсон,приключения,путешествия,1883
66,Три мушкетёра,Александр Дюма,приключения,дружба,1844
67,Граф Монте-Кристо,Александр Дюма,приключения,месть,1844
68,Робинзон Крузо,Даниель Дефо,приключения,путешествия,1719
69,Двадцать тысяч лье под водой,Жюль Верн,приключения,путешествия,1870
70,Дети капитана Гранта,Жюль Верн,приключения,путешествия,1868
71,Таинственный остров,Жюль Верн,приключения,путешествия,1874
72,Белый клык,Джек Лондон,повесть,дружба,1906
73,Зов предков,Джек Лондон,повесть,путешествия,1903
74,Копи царя Соломона,Генри Райдер Хаггард,приключения,путешествия,1885
75,Пётр Первый,Алексей Толстой,роман,власть,1945
76,Чингисхан,Василий Ян,роман,война,1939
77,Батый,Василий Ян,роман,война,1942
78,Слово и дело,Валентин Пикуль,роман,власть,1974
79,Фаворит,Валентин Пикуль,роман,власть,1984
80,Август Четырнадцатого,Александр Солженицын,роман,война,1971
81,Думай медленно... решай быстро,Даниэль Канеман,публицистика,саморазвитие,2011
82,Психология влияния,Роберт Чалдини,публицистика,саморазвитие,1984
83,Эмоциональный интеллект,Дэниел Гоулман,публицистика,саморазвитие,1995
84,Человек в поисках смысла,Виктор Франкл,публицистика,саморазвитие,1946
85,"Игры, в которые играют люди",Эрик Берн,публицистика,семья,1964
86,Как перестать беспокоиться и начать жить,Дейл Карнеги,публицистика,саморазвитие,1948
87,Атомные привычки,Джеймс Клир,публицистика,саморазвитие,2018
88,Поток. Психология оптимального переживания,Михай Чиксентмихайи,публицистика,саморазвитие,1990
89,Совершенный код,Стив Макконнелл,учебник,компьютеры,2004
90,Чистый код,Роберт Мартин,учебник,компьютеры,2008
91,Грокаем алгоритмы,Адитья Бхаргава,учебник,компьютеры,2016
92,Изучаем Python,Марк Лутц,учебник,компьютеры,2013
93,Python и анализ данных,Уэс Маккинни,учебник,компьютеры,2012
94,PostgreSQL изнутри,Егор Рогов,учебник,компьютеры,2022
95,Алгоритмы. Построение и анализ,Томас Кормен,учебник,компьютеры,1990
96,Искусство программирования. Том 1,Дональд Кнут,учебник,компьютеры,1968
97,"Богатый папа, бедный папа",Роберт Кийосаки,публицистика,деньги,1997
98,Капитал. Критика политической экономии,Карл Маркс,публицистика,деньги,1867
99,Чёрный лебедь,Нассим Талеб,публицистика,деньги,2007
100,От нуля к единице,Питер Тиль,публицистика,деньги,2014
101,Экономика всего. Как институты определяют нашу жизнь,Александр Аузан,публицистика,деньги,2014
102,Стив Джобс,Уолтер Айзексон,биография,компьютеры,2011
103,Эйнштейн. Его жизнь и его вселенная,Уолтер Айзексон,биография,наука,2007
104,Дневник Анны Франк,Анна Франк,биография,война,1947
105,Воспоминания,Андрей Сахаров,биография,наука,1990
106,Екатерина Великая. Портрет женщины,Роберт Мэсси,биография,власть,2011
107,Пётр Великий. Жизнь и мир,Роберт Мэсси,биография,власть,1980
