vydacha_id,chitatel_id,kniga_id,data_vydachi,srok_sdachi,data_vozvrata,otsenka
1,1,21,2026-06-14,2026-06-28,2026-06-28,5
2,1,1,2026-07-02,2026-07-16,2026-07-21,3
3,1,4,2026-07-20,2026-08-03,2026-08-08,2
4,1,36,2026-08-09,2026-08-23,,
5,2,3,2026-06-19,2026-07-03,2026-07-01,5
6,2,15,2026-07-07,2026-07-21,2026-07-19,3
7,2,4,2026-07-25,2026-08-08,2026-08-04,3
8,2,5,2026-08-24,2026-09-07,,
9,3,2,2026-06-23,2026-07-07,2026-07-12,4
10,3,15,2026-07-11,2026-07-25,2026-07-30,1
11,3,36,2026-07-29,2026-08-12,2026-08-09,4
12,3,12,2026-08-16,2026-08-30,2026-08-29,3
13,3,7,2026-08-08,2026-08-22,,
14,4,32,2026-04-18,2026-05-02,2026-04-29,5
15,4,1,2026-05-06,2026-05-20,2026-05-19,3
16,4,4,2026-05-24,2026-06-07,2026-06-03,3
17,4,3,2026-06-11,2026-06-25,2026-06-24,4
18,5,82,2026-04-27,2026-05-11,2026-05-09,4
19,5,15,2026-05-15,2026-05-29,2026-05-29,3
20,5,2,2026-06-02,2026-06-16,2026-06-13,2
21,5,36,2026-08-25,2026-09-08,,
22,6,1,2026-02-13,2026-02-27,2026-02-27,4
23,6,2,2026-03-03,2026-03-17,2026-03-17,3
24,6,36,2026-03-21,2026-04-04,2026-04-02,3
25,6,11,2026-04-08,2026-04-22,2026-04-22,4
26,6,29,2026-08-24,2026-09-07,,
27,7,45,2026-03-27,2026-04-10,2026-04-15,4
28,7,15,2026-04-14,2026-04-28,2026-04-25,4
29,7,2,2026-05-02,2026-05-16,2026-05-16,3
30,7,36,2026-08-19,2026-09-02,,
31,8,99,2026-05-25,2026-06-08,2026-06-05,4
32,8,15,2026-06-12,2026-06-26,2026-06-22,4
33,8,4,2026-06-30,2026-07-14,2026-07-11,5
34,8,3,2026-07-18,2026-08-01,2026-07-30,3
35,9,8,2026-07-04,2026-07-18,2026-07-14,5
36,9,15,2026-07-22,2026-08-05,2026-08-04,2
37,9,4,2026-08-09,2026-08-23,2026-08-19,5
38,9,42,2026-08-27,2026-09-10,2026-09-06,3
39,9,5,2026-08-26,2026-09-09,,
40,10,46,2026-05-04,2026-05-18,2026-05-15,4
41,10,76,2026-05-22,2026-06-05,2026-06-10,2
42,10,17,2026-06-09,2026-06-23,2026-06-28,2
43,10,36,2026-08-07,2026-08-21,,
44,11,21,2026-05-04,2026-05-18,2026-05-23,5
45,11,1,2026-05-22,2026-06-05,2026-06-03,4
46,11,10,2026-06-09,2026-06-23,2026-06-23,4
47,11,43,2026-08-24,2026-09-07,,
48,12,36,2026-03-18,2026-04-01,2026-03-30,5
49,12,104,2026-04-05,2026-04-19,2026-04-18,3
50,12,2,2026-04-23,2026-05-07,2026-05-05,4
51,12,5,2026-05-11,2026-05-25,2026-05-24,5
52,12,106,2026-05-29,2026-06-12,2026-06-12,4
53,13,4,2026-05-26,2026-06-09,2026-06-09,4
54,13,80,2026-06-13,2026-06-27,2026-06-23,2
55,13,3,2026-07-01,2026-07-15,2026-07-15,2
56,13,5,2026-08-21,2026-09-04,,
57,14,93,2026-04-15,2026-04-29,2026-04-26,5
58,14,16,2026-05-03,2026-05-17,2026-05-17,5
59,14,2,2026-05-21,2026-06-04,2026-06-04,5
60,14,36,2026-08-26,2026-09-09,,
61,15,83,2026-06-12,2026-06-26,2026-07-01,5
62,15,1,2026-06-30,2026-07-14,2026-07-19,3
63,15,2,2026-07-18,2026-08-01,2026-07-28,4
64,15,36,2026-08-05,2026-08-19,2026-08-19,4
65,15,5,2026-08-06,2026-08-20,,
66,16,1,2026-06-17,2026-07-01,2026-06-27,4
67,16,4,2026-07-05,2026-07-19,2026-07-19,5
68,16,3,2026-07-23,2026-08-06,2026-08-06,4
69,16,11,2026-08-10,2026-08-24,2026-08-20,5
70,17,44,2026-06-16,2026-06-30,2026-06-30,5
71,17,1,2026-07-04,2026-07-18,2026-07-18,5
72,17,10,2026-07-22,2026-08-05,2026-08-02,3
73,17,36,2026-08-24,2026-09-07,,
74,18,98,2026-06-13,2026-06-27,2026-06-26,5
75,18,1,2026-07-01,2026-07-15,2026-07-13,4
76,18,4,2026-07-19,2026-08-02,2026-07-31,4
77,18,3,2026-08-06,2026-08-20,2026-08-20,4
78,18,11,2026-08-19,2026-09-02,,
79,19,103,2026-04-30,2026-05-14,2026-05-14,4
80,19,1,2026-05-18,2026-06-01,2026-05-30,5
81,19,4,2026-06-05,2026-06-19,2026-06-16,4
82,19,37,2026-08-27,2026-09-10,,
83,20,51,2026-02-18,2026-03-04,2026-03-04,5
84,20,16,2026-03-08,2026-03-22,2026-03-27,2
85,20,4,2026-03-26,2026-04-09,2026-04-14,1
86,20,36,2026-04-13,2026-04-27,2026-04-24,2
87,1,11,2026-01-31,2026-02-14,2026-02-13,4
88,2,54,2026-03-14,2026-03-28,2026-03-24,4
89,3,21,2026-03-27,2026-04-10,2026-04-07,4
90,4,23,2026-04-19,2026-05-03,2026-05-02,5
91,5,8,2026-01-19,2026-02-02,2026-02-01,3
92,8,21,2026-03-24,2026-04-07,2026-04-03,4
93,9,23,2026-02-14,2026-02-28,2026-02-27,4
94,10,54,2025-12-23,2026-01-06,2026-01-04,5
95,11,5,2025-12-28,2026-01-11,2026-01-08,4
96,12,15,2026-04-06,2026-04-20,2026-04-20,3
